rmse,train_time,predict_time,p_params,d_params,q_params,t_params,P_params,D_params,Q_params,m_params
108.26882888548899,0.004433519699994256,0.002349696439855239,"(0, 0, 0)","(0, 0, 0, 0)",n
56.787322947253216,0.05540168986600988,0.0024040839251349955,"(0, 0, 0)","(0, 0, 1, 0)",n
36.67234515218987,0.09626186034258674,0.002335525961483226,"(0, 0, 0)","(0, 0, 2, 0)",n
8.593437874184218,0.017547826205982883,0.0020553897408878102,"(0, 0, 0)","(1, 0, 0, 0)",n
8.543381303855137,0.03310073123258703,0.0021903570960549747,"(0, 0, 0)","(1, 0, 1, 0)",n
8.736903397438113,0.05447688102722168,0.0021950357100542855,"(0, 0, 0)","(1, 0, 2, 0)",n
8.537527993662328,0.023071979073917163,0.002124906988704906,"(0, 0, 0)","(2, 0, 0, 0)",n
8.533504727122834,0.17609493592206168,0.002408310946296243,"(0, 0, 0)","(2, 0, 1, 0)",n
8.77641538694815,0.09242797458873075,0.002207806531120749,"(0, 0, 0)","(2, 0, 2, 0)",n
20.8152336658068,0.01269072083865895,0.00321810946745031,"(0, 0, 0)","(0, 0, 0, 0)",c
13.956183167542479,0.062308704151826745,0.0032216941609102137,"(0, 0, 0)","(0, 0, 1, 0)",c
11.542778626297672,0.09071500161114861,0.0033632586984073416,"(0, 0, 0)","(0, 0, 2, 0)",c
8.44347898685885,0.11380970337811638,0.0031730960397159352,"(0, 0, 0)","(1, 0, 0, 0)",c
8.429000740668052,0.2035863764145795,0.0032963388106402227,"(0, 0, 0)","(1, 0, 1, 0)",c
8.648099346093199,0.31097334132475013,0.003379039203419405,"(0, 0, 0)","(1, 0, 2, 0)",c
8.42190358111866,0.17457078765420353,0.0032368912416345934,"(0, 0, 0)","(2, 0, 0, 0)",c
12.331105955451306,0.32018778744865867,0.00322566312902114,"(0, 0, 0)","(2, 0, 1, 0)",c
9.702096416768246,0.4502063554875991,0.003424349953146542,"(0, 0, 0)","(2, 0, 2, 0)",c
53.392005950330976,0.02906938160167021,0.003116147658404182,"(0, 0, 0)","(0, 0, 0, 0)",t
29.669811713215953,0.07161205516142004,0.003231519811293658,"(0, 0, 0)","(0, 0, 1, 0)",t
20.809810835723155,0.1387192726135254,0.0033590428969439336,"(0, 0, 0)","(0, 0, 2, 0)",t
8.555666862805838,0.1064452423768885,0.0031317682827220242,"(0, 0, 0)","(1, 0, 0, 0)",t
8.524033911881045,0.24276869998258702,0.0032648310941808365,"(0, 0, 0)","(1, 0, 1, 0)",t
8.68961234208612,0.3651477982016171,0.0033433745889102713,"(0, 0, 0)","(1, 0, 2, 0)",t
8.505106945327775,0.16277100058162913,0.0032655631794649012,"(0, 0, 0)","(2, 0, 0, 0)",t
12.092379633539698,0.4188474374658921,0.003311333936803481,"(0, 0, 0)","(2, 0, 1, 0)",t
8.545515845454153,0.44692976615008184,0.0033409960129681757,"(0, 0, 0)","(2, 0, 2, 0)",t
20.39870175952053,0.05032060567070456,0.003076752494363224,"(0, 0, 0)","(0, 0, 0, 0)",ct
13.768292899108197,0.09261601952945485,0.0031987330492805033,"(0, 0, 0)","(0, 0, 1, 0)",ct
11.422067188444629,0.12694531048045438,0.0032532046822940602,"(0, 0, 0)","(0, 0, 2, 0)",ct
8.442979297128364,0.16966165654799517,0.0031363907982321347,"(0, 0, 0)","(1, 0, 0, 0)",ct
8.395022554624742,0.2806241568397073,0.0032146341660443476,"(0, 0, 0)","(1, 0, 1, 0)",ct
8.984217387044248,0.3407601973589729,0.0033159732818603517,"(0, 0, 0)","(1, 0, 2, 0)",ct
8.423183540850461,0.24098788710201488,0.0032050329096177045,"(0, 0, 0)","(2, 0, 0, 0)",ct
17.856520433770637,0.34339392605949853,0.0032251442179960363,"(0, 0, 0)","(2, 0, 1, 0)",ct
10.264490141312768,0.48284419003654927,0.0033231370589312387,"(0, 0, 0)","(2, 0, 2, 0)",ct
56.787322947253216,0.053013066684498504,0.002439583049100988,"(0, 0, 1)","(0, 0, 0, 0)",n
40.66371724689044,0.06039738655090332,0.002265038209802964,"(0, 0, 1)","(0, 0, 1, 0)",n
26.94308057849001,0.13400088478537167,0.002340232624727137,"(0, 0, 1)","(0, 0, 2, 0)",n
8.518237230833194,0.10682123128105613,0.002219559164608226,"(0, 0, 1)","(1, 0, 0, 0)",n
8.78973245046351,0.2073635970844942,0.0022232476402731503,"(0, 0, 1)","(1, 0, 1, 0)",n
8.757240919069565,0.28666046647464527,0.0022600230048684515,"(0, 0, 1)","(1, 0, 2, 0)",n
8.81860556294239,0.16816322102266199,0.002228700413423426,"(0, 0, 1)","(2, 0, 0, 0)",n
8.822224319678407,0.3172932849210851,0.002271896250107709,"(0, 0, 1)","(2, 0, 1, 0)",n
9.172898470688363,0.32419126735014075,0.0022838620578541475,"(0, 0, 1)","(2, 0, 2, 0)",n
13.951572304506447,0.07838613566230325,0.003217775681439568,"(0, 0, 1)","(0, 0, 0, 0)",c
12.58557002112206,0.11971195445341222,0.0033365894766414867,"(0, 0, 1)","(0, 0, 1, 0)",c
10.258580380762126,0.16467532270094928,0.0033692163579604204,"(0, 0, 1)","(0, 0, 2, 0)",c
8.422774423806551,0.2197559861575856,0.003188890569350299,"(0, 0, 1)","(1, 0, 0, 0)",c
8.608150252620273,0.3041613747091854,0.0033589615541345934,"(0, 0, 1)","(1, 0, 1, 0)",c
8.643806140699361,0.3600411583395565,0.00337520767660702,"(0, 0, 1)","(1, 0, 2, 0)",c
8.49106017448692,0.28935287699979895,0.003238431145163143,"(0, 0, 1)","(2, 0, 0, 0)",c
11.95770201850354,0.3995048999786377,0.0033701756421257467,"(0, 0, 1)","(2, 0, 1, 0)",c
8.786067811621203,0.4555888288161334,0.003412002675673541,"(0, 0, 1)","(2, 0, 2, 0)",c
29.669808135545683,0.09029691640068503,0.0032017988317153035,"(0, 0, 1)","(0, 0, 0, 0)",t
23.751019014790636,0.12066613365622128,0.003341391507317038,"(0, 0, 1)","(0, 0, 1, 0)",t
16.89529192489538,0.18963939722846537,0.003406956616569968,"(0, 0, 1)","(0, 0, 2, 0)",t
8.555747752950147,0.22761447569903207,0.003222325268913718,"(0, 0, 1)","(1, 0, 0, 0)",t
8.724420808333644,0.33839365734773524,0.0032999122844022863,"(0, 0, 1)","(1, 0, 1, 0)",t
9.126352876739237,0.4407488738789278,0.003338774512795841,"(0, 0, 1)","(1, 0, 2, 0)",t
8.705438457052292,0.3435571165645824,0.0032374325920553767,"(0, 0, 1)","(2, 0, 0, 0)",t
15.992147991108837,0.5520642617169549,0.0033641815185546874,"(0, 0, 1)","(2, 0, 1, 0)",t
9.153534018425482,0.5245745069840375,0.003360403285307043,"(0, 0, 1)","(2, 0, 2, 0)",t
13.784177325496339,0.08769382308511173,0.003133689655977137,"(0, 0, 1)","(0, 0, 0, 0)",ct
12.470926458381694,0.13349969246808222,0.003265271467321059,"(0, 0, 1)","(0, 0, 1, 0)",ct
10.179781178155453,0.18461332321166993,0.003336651184979607,"(0, 0, 1)","(0, 0, 2, 0)",ct
8.433567550954152,0.2711172103881836,0.0032658969654756433,"(0, 0, 1)","(1, 0, 0, 0)",ct
8.54468609198366,0.3446830889757942,0.0033227079054888556,"(0, 0, 1)","(1, 0, 1, 0)",ct
8.752306390866059,0.4001979379092946,0.003427623299991383,"(0, 0, 1)","(1, 0, 2, 0)",ct
9.914256280145386,0.33996846255134133,0.0032222719753489774,"(0, 0, 1)","(2, 0, 0, 0)",ct
12.79082215719487,0.45437619545880487,0.0033732077654670266,"(0, 0, 1)","(2, 0, 1, 0)",ct
9.625296227269619,0.4857821464538574,0.003377855525297277,"(0, 0, 1)","(2, 0, 2, 0)",ct
36.67234515218987,0.09180188740001005,0.002377218358656939,"(0, 0, 2)","(0, 0, 0, 0)",n
26.8146567787385,0.1405512304867015,0.002382213929120232,"(0, 0, 2)","(0, 0, 1, 0)",n
22.216338678552944,0.1718701026018928,0.0024259314817540786,"(0, 0, 2)","(0, 0, 2, 0)",n
8.725974470699038,0.1877227727104636,0.0022675177630256203,"(0, 0, 2)","(1, 0, 0, 0)",n
8.954794999627028,0.3086074071771958,0.002269433526431813,"(0, 0, 2)","(1, 0, 1, 0)",n
8.756675550547602,0.4179299719193402,0.0022940803976619945,"(0, 0, 2)","(1, 0, 2, 0)",n
8.660991999957416,0.2458060993867762,0.0023017013774198646,"(0, 0, 2)","(2, 0, 0, 0)",n
10.069779314883645,0.42137799263000486,0.002318275676054113,"(0, 0, 2)","(2, 0, 1, 0)",n
9.373602377705623,0.4830513280980727,0.002437557893640855,"(0, 0, 2)","(2, 0, 2, 0)",n
11.540705954949829,0.11739353572621065,0.0033356414121740005,"(0, 0, 2)","(0, 0, 0, 0)",c
10.258008890198921,0.17800174881430234,0.0033951506895177506,"(0, 0, 2)","(0, 0, 1, 0)",c
9.897316646669196,0.2843346483567182,0.0034761597128475413,"(0, 0, 2)","(0, 0, 2, 0)",c
8.63479837715507,0.2986200220444623,0.003337391685037052,"(0, 0, 2)","(1, 0, 0, 0)",c
8.66906986487134,0.36308666397543515,0.0033917455112232884,"(0, 0, 2)","(1, 0, 1, 0)",c
8.587584479986639,0.4889687594245462,0.00348207529853372,"(0, 0, 2)","(1, 0, 2, 0)",c
9.9520540132408,0.432691484339097,0.003308287788839901,"(0, 0, 2)","(2, 0, 0, 0)",c
11.433892615984233,0.5161151633543126,0.0033669303445255055,"(0, 0, 2)","(2, 0, 1, 0)",c
9.377934459576577,0.6597630248350256,0.003452542248894187,"(0, 0, 2)","(2, 0, 2, 0)",c
21.257434452933623,0.1463013256297392,0.0033579125123865466,"(0, 0, 2)","(0, 0, 0, 0)",t
16.551444617118392,0.19944417616900276,0.0033681420718922337,"(0, 0, 2)","(0, 0, 1, 0)",t
14.35865365874905,0.33990125936620375,0.003542052998262293,"(0, 0, 2)","(0, 0, 2, 0)",t
8.768021273201853,0.34521466984468346,0.0033439271590288947,"(0, 0, 2)","(1, 0, 0, 0)",t
8.887776970366629,0.46069678418776566,0.0033283570233513327,"(0, 0, 2)","(1, 0, 1, 0)",t
9.798222172113908,0.6120209104874554,0.003482187495512121,"(0, 0, 2)","(1, 0, 2, 0)",t
9.087639724557059,0.4367989960838767,0.0033661253312054803,"(0, 0, 2)","(2, 0, 0, 0)",t
14.396262756998828,0.6128586292266845,0.003429107105030733,"(0, 0, 2)","(2, 0, 1, 0)",t
8.825602483706424,0.6200714223525103,0.0034308489631204044,"(0, 0, 2)","(2, 0, 2, 0)",t
11.421622445903681,0.13967270851135255,0.003251819049610811,"(0, 0, 2)","(0, 0, 0, 0)",ct
10.18385728299393,0.17090099839603198,0.0032850910635555492,"(0, 0, 2)","(0, 0, 1, 0)",ct
9.777956090474483,0.2951826291925767,0.003430649813483743,"(0, 0, 2)","(0, 0, 2, 0)",ct
8.838681335933295,0.34068400158601647,0.0032959012424244602,"(0, 0, 2)","(1, 0, 0, 0)",ct
8.613464487501332,0.3958609468796674,0.0033381321850944968,"(0, 0, 2)","(1, 0, 1, 0)",ct
9.178659427711308,0.49439826853135055,0.0034679328694063073,"(0, 0, 2)","(1, 0, 2, 0)",ct
10.429768849979148,0.5208322861615349,0.0033310385311351104,"(0, 0, 2)","(2, 0, 0, 0)",ct
12.64512989052446,0.5607680601232192,0.003352013756247128,"(0, 0, 2)","(2, 0, 1, 0)",ct
9.553758162014184,0.6626746402067296,0.003534757389741785,"(0, 0, 2)","(2, 0, 2, 0)",ct
8.56640002636841,0.005347854950848748,0.00211482048034668,"(0, 1, 0)","(0, 0, 0, 0)",n
8.517775909898308,0.016449114855598,0.0023026157827938302,"(0, 1, 0)","(0, 0, 1, 0)",n
8.720114730987637,0.021107034122242647,0.0021788653205422792,"(0, 1, 0)","(0, 0, 2, 0)",n
8.510184280875285,0.0050507068634033205,0.002094863442813649,"(0, 1, 0)","(1, 0, 0, 0)",n
8.56619922471518,0.030318608003504135,0.0022345711203182444,"(0, 1, 0)","(1, 0, 1, 0)",n
8.756303711844959,0.039057409062105065,0.0022239432615392346,"(0, 1, 0)","(1, 0, 2, 0)",n
8.712321727647225,0.005985812579884248,0.0021471893086152916,"(0, 1, 0)","(2, 0, 0, 0)",n
8.72608132750159,0.02953782923081342,0.0022265995250028725,"(0, 1, 0)","(2, 0, 1, 0)",n
8.769750880539211,0.0643726994009579,0.0022519420174991383,"(0, 1, 0)","(2, 0, 2, 0)",n
8.57802999637854,0.014518401202033548,0.003180127985337201,"(0, 1, 0)","(0, 0, 0, 0)",c
8.528951516349506,0.03886736421024098,0.003316180846270393,"(0, 1, 0)","(0, 0, 1, 0)",c
8.730786762201705,0.05225417754229377,0.003366526435403263,"(0, 1, 0)","(0, 0, 2, 0)",c
8.521589595847841,0.028004949233111212,0.0031633657567641314,"(0, 1, 0)","(1, 0, 0, 0)",c
8.576086872698877,0.06872610765344957,0.0034055345198687383,"(0, 1, 0)","(1, 0, 1, 0)",c
8.767014447735074,0.0764203856973087,0.0034000565023983224,"(0, 1, 0)","(1, 0, 2, 0)",c
8.72364571724023,0.044602520325604605,0.0033622040468103747,"(0, 1, 0)","(2, 0, 0, 0)",c
8.73717405446652,0.07806798149557674,0.003294010723338408,"(0, 1, 0)","(2, 0, 1, 0)",c
8.78037003104745,0.13666648023268757,0.0034213851479923023,"(0, 1, 0)","(2, 0, 2, 0)",c
8.599232214319157,0.038961239422068875,0.003161447188433479,"(0, 1, 0)","(0, 0, 0, 0)",t
8.548409623215395,0.06070092145134421,0.0033499633564668544,"(0, 1, 0)","(0, 0, 1, 0)",t
8.750945685939055,0.13717599195592545,0.003415977253633387,"(0, 1, 0)","(0, 0, 2, 0)",t
8.541510736816374,0.057984054789823644,0.003279742072610294,"(0, 1, 0)","(1, 0, 0, 0)",t
8.5956682172644,0.16939076255349553,0.003347876492668601,"(0, 1, 0)","(1, 0, 1, 0)",t
8.782077509153792,0.14748998810263242,0.0033602546243106618,"(0, 1, 0)","(1, 0, 2, 0)",t
8.743347775115623,0.10110441937166102,0.003348204668830423,"(0, 1, 0)","(2, 0, 0, 0)",t
8.758738126286868,0.1819818693048814,0.003350086773143095,"(0, 1, 0)","(2, 0, 1, 0)",t
8.799414044234439,0.2609452135422651,0.003417531181784237,"(0, 1, 0)","(2, 0, 2, 0)",t
8.608192575602779,0.05153708177454332,0.0031914486604578355,"(0, 1, 0)","(0, 0, 0, 0)",ct
8.554237536554412,0.07789378446691177,0.0032902100506950827,"(0, 1, 0)","(0, 0, 1, 0)",ct
8.7601166978365,0.18413519859313965,0.0033406650318818934,"(0, 1, 0)","(0, 0, 2, 0)",ct
8.54883124205738,0.06996170773225673,0.003223694072050207,"(0, 1, 0)","(1, 0, 0, 0)",ct
8.61136862516825,0.23031525892369886,0.0033686076893525963,"(0, 1, 0)","(1, 0, 1, 0)",ct
8.788742098439428,0.17924419290879193,0.003365771910723518,"(0, 1, 0)","(1, 0, 2, 0)",ct
8.74967792391788,0.11760156294878792,0.0033163154826444737,"(0, 1, 0)","(2, 0, 0, 0)",ct
8.76380819571074,0.2215600799111759,0.0034316820256850298,"(0, 1, 0)","(2, 0, 1, 0)",ct
8.80715391605994,0.31467937301186955,0.003385482114904067,"(0, 1, 0)","(2, 0, 2, 0)",ct
8.517775909898308,0.015429132124956916,0.002302080042221967,"(0, 1, 1)","(0, 0, 0, 0)",n
8.511250876342405,0.02169790267944336,0.0021876082700841566,"(0, 1, 1)","(0, 0, 1, 0)",n
8.749186052143989,0.04327255697811351,0.002538333219640395,"(0, 1, 1)","(0, 0, 2, 0)",n
8.566202294280702,0.03559362467597513,0.0022545674267937157,"(0, 1, 1)","(1, 0, 0, 0)",n
8.75621126339408,0.053932114208445826,0.002259038476382985,"(0, 1, 1)","(1, 0, 1, 0)",n
8.762205490819033,0.07575411235584932,0.002294153325697955,"(0, 1, 1)","(1, 0, 2, 0)",n
8.726042493292148,0.03703653672162224,0.002181518779081457,"(0, 1, 1)","(2, 0, 0, 0)",n
8.793517405393292,0.1117978993584128,0.0022707826950970817,"(0, 1, 1)","(2, 0, 1, 0)",n
8.775495842748748,0.11559119224548339,0.002309283088235294,"(0, 1, 1)","(2, 0, 2, 0)",n
8.528958103424847,0.03470898235545439,0.0033213278826545265,"(0, 1, 1)","(0, 0, 0, 0)",c
8.68743531376348,0.12511798634248622,0.003398269765517291,"(0, 1, 1)","(0, 0, 1, 0)",c
8.759026941980421,0.10017000366659726,0.0034842771642348345,"(0, 1, 1)","(0, 0, 2, 0)",c
8.576063203523777,0.08257035087136662,0.0033765736748190486,"(0, 1, 1)","(1, 0, 0, 0)",c
8.766936560099804,0.12785679312313306,0.003377056121826172,"(0, 1, 1)","(1, 0, 1, 0)",c
8.7757576662947,0.1874932794009938,0.0034211102653952208,"(0, 1, 1)","(1, 0, 2, 0)",c
8.737245996563896,0.0857653954449822,0.0034404165604535273,"(0, 1, 1)","(2, 0, 0, 0)",c
8.805167755665266,0.2531899199766271,0.0033783968757180607,"(0, 1, 1)","(2, 0, 1, 0)",c
8.787663461368043,0.25212423941668344,0.0034699327805463006,"(0, 1, 1)","(2, 0, 2, 0)",c
8.548522443922804,0.04898088679594152,0.0033319248872644763,"(0, 1, 1)","(0, 0, 0, 0)",t
8.542262763059977,0.057864893183988686,0.003370189666748047,"(0, 1, 1)","(0, 0, 1, 0)",t
8.7793548627394,0.16747343399945427,0.0034523318795596854,"(0, 1, 1)","(0, 0, 2, 0)",t
8.59592735742727,0.16619764776790844,0.0033500951879164753,"(0, 1, 1)","(1, 0, 0, 0)",t
8.785564692745547,0.24855754796196433,0.003380890453563017,"(0, 1, 1)","(1, 0, 1, 0)",t
8.784427503406667,0.21326401093426872,0.0035119028652415554,"(0, 1, 1)","(1, 0, 2, 0)",t
8.75828786365206,0.19383399065803078,0.003394774829640108,"(0, 1, 1)","(2, 0, 0, 0)",t
8.753786018159396,0.20898844214046702,0.0033722597009995404,"(0, 1, 1)","(2, 0, 1, 0)",t
8.791499395798567,0.27414679527282715,0.0034671839545754824,"(0, 1, 1)","(2, 0, 2, 0)",t
8.558588894357223,0.05919792511883904,0.003298658483168658,"(0, 1, 1)","(0, 0, 0, 0)",ct
8.552462155977263,0.06940845601698932,0.0033331450294045843,"(0, 1, 1)","(0, 0, 1, 0)",ct
8.795322188558387,0.2568622084224925,0.003406698563519646,"(0, 1, 1)","(0, 0, 2, 0)",ct
8.613667210734613,0.21089880045722512,0.003360759510713465,"(0, 1, 1)","(1, 0, 0, 0)",ct
8.796823824601768,0.30045597132514507,0.0033731488620533665,"(0, 1, 1)","(1, 0, 1, 0)",ct
8.797794433299266,0.31008277219884534,0.0034637030433205995,"(0, 1, 1)","(1, 0, 2, 0)",ct
8.767356944565503,0.2270203422097599,0.003324590009801528,"(0, 1, 1)","(2, 0, 0, 0)",ct
8.749356730117325,0.2820259234484504,0.0033680186552159925,"(0, 1, 1)","(2, 0, 1, 0)",ct
8.807628071064105,0.3670523643493652,0.0034955024719238283,"(0, 1, 1)","(2, 0, 2, 0)",ct
8.720114730987637,0.01980113422169405,0.0021936697118422562,"(0, 1, 2)","(0, 0, 0, 0)",n
8.749157957541163,0.04467444980845732,0.0022960831137264475,"(0, 1, 2)","(0, 0, 1, 0)",n
8.731705830625424,0.04389439470627728,0.002303336648380055,"(0, 1, 2)","(0, 0, 2, 0)",n
8.756358724243507,0.03964705467224121,0.002215775321511661,"(0, 1, 2)","(1, 0, 0, 0)",n
8.753323100767421,0.068060022241929,0.0022997575647690717,"(0, 1, 2)","(1, 0, 1, 0)",n
8.766474789238357,0.14058123476365034,0.002299364875344669,"(0, 1, 2)","(1, 0, 2, 0)",n
8.769585425664554,0.06441458533791934,0.0022826475255629595,"(0, 1, 2)","(2, 0, 0, 0)",n
8.778589884588731,0.11868407866534064,0.0022706985473632812,"(0, 1, 2)","(2, 0, 1, 0)",n
8.800020364449503,0.18721010264228372,0.0023239865022547106,"(0, 1, 2)","(2, 0, 2, 0)",n
8.730804402611987,0.04513009015251609,0.0033511021557976217,"(0, 1, 2)","(0, 0, 0, 0)",c
8.75900448744061,0.10159887426039751,0.003460219327141257,"(0, 1, 2)","(0, 0, 1, 0)",c
8.741314375400943,0.1004053789026597,0.0034904564128202553,"(0, 1, 2)","(0, 0, 2, 0)",c
8.767072043227559,0.09176855648265166,0.003417766795438879,"(0, 1, 2)","(1, 0, 0, 0)",c
8.763546455329747,0.16916007154128132,0.003462651196648093,"(0, 1, 2)","(1, 0, 1, 0)",c
8.77523992829085,0.32829971313476564,0.003521616318646599,"(0, 1, 2)","(1, 0, 2, 0)",c
8.780080147231383,0.14709258360021255,0.0034302767585305607,"(0, 1, 2)","(2, 0, 0, 0)",c
8.788972917848225,0.25939127417171703,0.0035263931050020106,"(0, 1, 2)","(2, 0, 1, 0)",c
8.839302269735176,0.4270472330205581,0.00357206568998449,"(0, 1, 2)","(2, 0, 2, 0)",c
8.750035523101156,0.06413077186135685,0.0033302783966064455,"(0, 1, 2)","(0, 0, 0, 0)",t
8.78063071634055,0.18064228787141687,0.0034320943495806527,"(0, 1, 2)","(0, 0, 1, 0)",t
8.762521174336824,0.15495559467988856,0.0035207467920639938,"(0, 1, 2)","(0, 0, 2, 0)",t
8.787061301258065,0.16654570242937874,0.0033531441408045154,"(0, 1, 2)","(1, 0, 0, 0)",t
8.785423805248701,0.29398547901826744,0.0034737250384162454,"(0, 1, 2)","(1, 0, 1, 0)",t
8.790856651140182,0.29921958867241355,0.0035726715536678537,"(0, 1, 2)","(1, 0, 2, 0)",t
8.80272891556276,0.28623521748711084,0.0033020692713120405,"(0, 1, 2)","(2, 0, 0, 0)",t
8.792170867347771,0.32876772600061754,0.00347751449136173,"(0, 1, 2)","(2, 0, 1, 0)",t
8.797166594265665,0.3937456720015582,0.0036156233619241153,"(0, 1, 2)","(2, 0, 2, 0)",t
8.767522061329927,0.10653899417204016,0.0032976374906652116,"(0, 1, 2)","(0, 0, 0, 0)",ct
8.795933065799797,0.2161810931037454,0.0034477850970099956,"(0, 1, 2)","(0, 0, 1, 0)",ct
8.779431261392977,0.18734445571899414,0.003496582367840935,"(0, 1, 2)","(0, 0, 2, 0)",ct
8.795494757004198,0.2262407751644359,0.0033426621380974264,"(0, 1, 2)","(1, 0, 0, 0)",ct
8.79738389832882,0.34398743124569164,0.0034825633553897633,"(0, 1, 2)","(1, 0, 1, 0)",ct
8.80255936893587,0.337789426130407,0.00355375794803395,"(0, 1, 2)","(1, 0, 2, 0)",ct
8.809835642805515,0.3219797555138083,0.003333307715023265,"(0, 1, 2)","(2, 0, 0, 0)",ct
8.807980338987855,0.38367526951958153,0.003437653709860409,"(0, 1, 2)","(2, 0, 1, 0)",ct
8.80806752239177,0.4685817746555104,0.0035233497619628906,"(0, 1, 2)","(2, 0, 2, 0)",ct
8.593437874184218,0.016172518449671127,0.002065919427310719,"(1, 0, 0)","(0, 0, 0, 0)",n
8.54336835232633,0.041041780920589674,0.0022005782407872815,"(1, 0, 0)","(0, 0, 1, 0)",n
8.737343542562014,0.06673099573920754,0.0022269220913157745,"(1, 0, 0)","(0, 0, 2, 0)",n
11.355183206622408,0.029882273954503675,0.0021224414601045496,"(1, 0, 0)","(1, 0, 0, 0)",n
8.451816363289534,0.1686921848970301,0.002475940479951746,"(1, 0, 0)","(1, 0, 1, 0)",n
8.446293572762828,0.27914310623617733,0.002560253704295439,"(1, 0, 0)","(1, 0, 2, 0)",n
8.536251376610178,0.06672184607561897,0.002177266513600069,"(1, 0, 0)","(2, 0, 0, 0)",n
8.53663609570497,0.2201778299668256,0.002358394510605756,"(1, 0, 0)","(2, 0, 1, 0)",n
8.788861044031618,0.17208262892330395,0.002236484078799977,"(1, 0, 0)","(2, 0, 2, 0)",n
8.443494013429822,0.03910466923433192,0.00305785852320054,"(1, 0, 0)","(0, 0, 0, 0)",c
8.423599050471429,0.15649057837093577,0.003253908718333525,"(1, 0, 0)","(0, 0, 1, 0)",c
8.627784081010072,0.22802275769850788,0.0033138106851016776,"(1, 0, 0)","(0, 0, 2, 0)",c
8.418866307602057,0.15628576278686523,0.0032429274390725527,"(1, 0, 0)","(1, 0, 0, 0)",c
8.477233867314544,0.2874000493217917,0.0033032557543586282,"(1, 0, 0)","(1, 0, 1, 0)",c
8.64965597824363,0.3230028713450712,0.0033314957338220932,"(1, 0, 0)","(1, 0, 2, 0)",c
8.623035176800022,0.2619294362909654,0.003324118782492245,"(1, 0, 0)","(2, 0, 0, 0)",c
8.5254877176376,0.3786345313577091,0.003317849776324104,"(1, 0, 0)","(2, 0, 1, 0)",c
8.638602753707671,0.3781196622287526,0.003370764676262351,"(1, 0, 0)","(2, 0, 2, 0)",c
8.555698073561555,0.04478275074678309,0.0031326770782470702,"(1, 0, 0)","(0, 0, 0, 0)",t
8.511567074636691,0.10721106809728286,0.003233918021706974,"(1, 0, 0)","(0, 0, 1, 0)",t
8.72080941474333,0.1957323242636288,0.0033341155332677506,"(1, 0, 0)","(0, 0, 2, 0)",t
8.505087025538918,0.16202750205993652,0.0032230629640467028,"(1, 0, 0)","(1, 0, 0, 0)",t
8.591962274187752,0.29897224762860464,0.003283107981962316,"(1, 0, 0)","(1, 0, 1, 0)",t
8.649537304075404,0.38947615062489227,0.0033703074735753676,"(1, 0, 0)","(1, 0, 2, 0)",t
8.50427696096233,0.2280143232906566,0.0033132525051341338,"(1, 0, 0)","(2, 0, 0, 0)",t
8.320247664378842,0.43537183368907256,0.003377861135146197,"(1, 0, 0)","(2, 0, 1, 0)",t
8.768252536460913,0.38301895085503074,0.0033699961269603057,"(1, 0, 0)","(2, 0, 2, 0)",t
8.442791925800542,0.055765575521132524,0.0031033992767333985,"(1, 0, 0)","(0, 0, 0, 0)",ct
8.444452425241252,0.15042277223923628,0.0031876423779655903,"(1, 0, 0)","(0, 0, 1, 0)",ct
8.637893952092984,0.3257379083072438,0.003276659460628734,"(1, 0, 0)","(0, 0, 2, 0)",ct
8.424478605005367,0.2189640157362994,0.0031754605910357305,"(1, 0, 0)","(1, 0, 0, 0)",ct
8.430758934423467,0.325432264103609,0.003232596902286305,"(1, 0, 0)","(1, 0, 1, 0)",ct
8.66229136238592,0.38746531710905185,0.0032867768231560203,"(1, 0, 0)","(1, 0, 2, 0)",ct
8.425916914204153,0.2755743026733398,0.0033301858340992647,"(1, 0, 0)","(2, 0, 0, 0)",ct
8.848786976829901,0.43492268394021427,0.003394457873176126,"(1, 0, 0)","(2, 0, 1, 0)",ct
8.637532410023612,0.42996877782485066,0.0033619375789866726,"(1, 0, 0)","(2, 0, 2, 0)",ct
8.543381303855137,0.028638371299294866,0.0021468330832088694,"(1, 0, 1)","(0, 0, 0, 0)",n
8.737271332908056,0.06661816484787884,0.0022296456729664522,"(1, 0, 1)","(0, 0, 1, 0)",n
8.768824590213391,0.12180288258720846,0.0022569796618293315,"(1, 0, 1)","(0, 0, 2, 0)",n
8.454154114102899,0.1588423308204202,0.00253445961896111,"(1, 0, 1)","(1, 0, 0, 0)",n
9.157725756853823,0.059964567072251264,0.002229123957016889,"(1, 0, 1)","(1, 0, 1, 0)",n
8.765698662724896,0.19239200423745548,0.002238164228551528,"(1, 0, 1)","(1, 0, 2, 0)",n
8.61765546850528,0.1298467804403866,0.0022680254543528838,"(1, 0, 1)","(2, 0, 0, 0)",n
8.612709455486677,0.34752566393683937,0.002447069392484777,"(1, 0, 1)","(2, 0, 1, 0)",n
8.795314259839087,0.23350586891174316,0.0022512099322150735,"(1, 0, 1)","(2, 0, 2, 0)",n
8.42977473019105,0.10584598709555233,0.003191967571482939,"(1, 0, 1)","(0, 0, 0, 0)",c
8.627737372159059,0.23417019844055176,0.0033113507663502413,"(1, 0, 1)","(0, 0, 1, 0)",c
8.64792241336049,0.31465198292451746,0.0033547457526711855,"(1, 0, 1)","(0, 0, 2, 0)",c
8.487038540856753,0.2876992281745462,0.0032474040985107423,"(1, 0, 1)","(1, 0, 0, 0)",c
8.664243561517477,0.34626355171203616,0.0033330580767463236,"(1, 0, 1)","(1, 0, 1, 0)",c
8.653506386917162,0.36846186132992015,0.003367452060475069,"(1, 0, 1)","(1, 0, 2, 0)",c
8.63547002934423,0.27733814856585337,0.0033101979423971737,"(1, 0, 1)","(2, 0, 0, 0)",c
8.546278541167618,0.4599137586705825,0.003420277202830595,"(1, 0, 1)","(2, 0, 1, 0)",c
8.662909707910352,0.4216033009921803,0.0034140306360581343,"(1, 0, 1)","(2, 0, 2, 0)",c
8.511548804952108,0.08065068581525017,0.003166998133939855,"(1, 0, 1)","(0, 0, 0, 0)",t
8.720685348705256,0.2144012170679429,0.0033590989954331344,"(1, 0, 1)","(0, 0, 1, 0)",t
8.756201971577548,0.33061846284305346,0.0033730366650749654,"(1, 0, 1)","(0, 0, 2, 0)",t
8.624635203133987,0.32532412024105295,0.0032687103047090416,"(1, 0, 1)","(1, 0, 0, 0)",t
8.781923755818863,0.3775231950423297,0.0034113603479721966,"(1, 0, 1)","(1, 0, 1, 0)",t
8.68630169899422,0.3870050682741053,0.003373603259815889,"(1, 0, 1)","(1, 0, 2, 0)",t
8.599789309712836,0.33250495125265683,0.003316337922040154,"(1, 0, 1)","(2, 0, 0, 0)",t
8.459936600532085,0.5302338011124554,0.0034679356743307676,"(1, 0, 1)","(2, 0, 1, 0)",t
8.761523333787956,0.43136845756979547,0.00344390027663287,"(1, 0, 1)","(2, 0, 2, 0)",t
8.435732179437485,0.09659791834214154,0.0031853114857393152,"(1, 0, 1)","(0, 0, 0, 0)",ct
8.640832386667439,0.3260522814357982,0.0032935451058780448,"(1, 0, 1)","(0, 0, 1, 0)",ct
8.661154842482679,0.36596576466279873,0.0033008322996251724,"(1, 0, 1)","(0, 0, 2, 0)",ct
8.423722951405159,0.30895023906932156,0.0031845878152286307,"(1, 0, 1)","(1, 0, 0, 0)",ct
8.619022724182482,0.42682560471927417,0.003345621333402746,"(1, 0, 1)","(1, 0, 1, 0)",ct
8.638893139966099,0.44145773438846364,0.003334648468915154,"(1, 0, 1)","(1, 0, 2, 0)",ct
8.45252233152543,0.3808916737051571,0.003325490390553194,"(1, 0, 1)","(2, 0, 0, 0)",ct
9.13411261427025,0.48022002612843234,0.0033634269938749425,"(1, 0, 1)","(2, 0, 1, 0)",ct
8.652251998422189,0.48540064587312587,0.0033116508932674632,"(1, 0, 1)","(2, 0, 2, 0)",ct
8.736903397438113,0.048594393449671126,0.002241706848144531,"(1, 0, 2)","(0, 0, 0, 0)",n
8.769396558009849,0.11247881440555348,0.002270367566276999,"(1, 0, 2)","(0, 0, 1, 0)",n
8.769284279387538,0.12536913086386287,0.0022855590371524586,"(1, 0, 2)","(0, 0, 2, 0)",n
8.495048738285922,0.23889354818007524,0.0025801798876594097,"(1, 0, 2)","(1, 0, 0, 0)",n
8.759910317768812,0.18723499354194192,0.0025303083307602827,"(1, 0, 2)","(1, 0, 1, 0)",n
8.937132027903665,0.0948533899643842,0.0023221520816578585,"(1, 0, 2)","(1, 0, 2, 0)",n
8.78215529346629,0.16775978312772863,0.0022550246294806985,"(1, 0, 2)","(2, 0, 0, 0)",n
8.843540704836677,0.3503380158368279,0.0024689786574419808,"(1, 0, 2)","(2, 0, 1, 0)",n
8.799465427747275,0.2638151589561911,0.002298369127161363,"(1, 0, 2)","(2, 0, 2, 0)",n
8.627578469410258,0.21431236828074735,0.0032811725840849034,"(1, 0, 2)","(0, 0, 0, 0)",c
8.654672914547586,0.31020083988414093,0.0033619179445154527,"(1, 0, 2)","(0, 0, 1, 0)",c
8.65097630962134,0.3995119122897877,0.003430795669555664,"(1, 0, 2)","(0, 0, 2, 0)",c
8.659864639153104,0.28037841460284063,0.003325476365930894,"(1, 0, 2)","(1, 0, 0, 0)",c
8.66580743450686,0.3604898060069365,0.003360633289112764,"(1, 0, 2)","(1, 0, 1, 0)",c
8.651935088120984,0.3761918881360222,0.0034587804008932676,"(1, 0, 2)","(1, 0, 2, 0)",c
8.675727379239573,0.3595751369700712,0.003267812728881836,"(1, 0, 2)","(2, 0, 0, 0)",c
8.56790871222762,0.5431286503286923,0.0034615488613353057,"(1, 0, 2)","(2, 0, 1, 0)",c
8.670836089841824,0.508679583493401,0.003445614085477941,"(1, 0, 2)","(2, 0, 2, 0)",c
8.720864486636517,0.13802735384772805,0.003259563446044922,"(1, 0, 2)","(0, 0, 0, 0)",t
8.703971544148613,0.25889216591330133,0.0033030341653262868,"(1, 0, 2)","(0, 0, 1, 0)",t
8.75430798346951,0.3626598049612606,0.0034671446856330422,"(1, 0, 2)","(0, 0, 2, 0)",t
8.655877684412298,0.3808831944185145,0.003394152136409984,"(1, 0, 2)","(1, 0, 0, 0)",t
8.717473184022303,0.39270212229560403,0.0033592981450697953,"(1, 0, 2)","(1, 0, 1, 0)",t
8.710026783786153,0.469251927207498,0.003463094374712776,"(1, 0, 2)","(1, 0, 2, 0)",t
8.764252504172314,0.3851272975697237,0.003317872215719784,"(1, 0, 2)","(2, 0, 0, 0)",t
8.525470063214733,0.5442631553201115,0.00334013209623449,"(1, 0, 2)","(2, 0, 1, 0)",t
8.772440606984004,0.47532530672409956,0.003504654940436868,"(1, 0, 2)","(2, 0, 2, 0)",t
8.646018404607773,0.26254710590138153,0.003262216904584099,"(1, 0, 2)","(0, 0, 0, 0)",ct
8.636972007634638,0.35169840139501235,0.003345736335305607,"(1, 0, 2)","(0, 0, 1, 0)",ct
8.673951718394209,0.4355483055114746,0.0034403464373420267,"(1, 0, 2)","(0, 0, 2, 0)",ct
8.67370874857394,0.39652732680825625,0.0033227247350356157,"(1, 0, 2)","(1, 0, 0, 0)",ct
8.753439118799134,0.46254072750315944,0.0032828695633832145,"(1, 0, 2)","(1, 0, 1, 0)",ct
8.56042640299938,0.5419646992402918,0.0034698065589455996,"(1, 0, 2)","(1, 0, 2, 0)",ct
8.664326467828568,0.44302490458768956,0.0033376244937672337,"(1, 0, 2)","(2, 0, 0, 0)",ct
9.327630502619026,0.5414757195641012,0.003389296812169692,"(1, 0, 2)","(2, 0, 1, 0)",ct
8.690061159763397,0.5733377737157485,0.00340729040258071,"(1, 0, 2)","(2, 0, 2, 0)",ct
8.510184280875285,0.004843633315142463,0.0021098753985236674,"(1, 1, 0)","(0, 0, 0, 0)",n
8.566197881970302,0.03571995005888098,0.0022814189686494713,"(1, 1, 0)","(0, 0, 1, 0)",n
8.756260934518135,0.04239047555362477,0.0022146000581629134,"(1, 1, 0)","(0, 0, 2, 0)",n
8.508974555359131,0.02089688637677361,0.0022828999687643614,"(1, 1, 0)","(1, 0, 0, 0)",n
8.599580614337842,0.04076006272259881,0.002164433984195485,"(1, 1, 0)","(1, 0, 1, 0)",n
8.765779188295552,0.08758957245770622,0.002251257615930894,"(1, 1, 0)","(1, 0, 2, 0)",n
8.721586705685453,0.031675229353063244,0.0021905029521268955,"(1, 1, 0)","(2, 0, 0, 0)",n
8.730438952313808,0.10323714929468492,0.0022527273963479436,"(1, 1, 0)","(2, 0, 1, 0)",n
8.770329628405175,0.12348078839919147,0.0022457206950468175,"(1, 1, 0)","(2, 0, 2, 0)",n
8.52158086679439,0.008207388485179228,0.003119822109446806,"(1, 1, 0)","(0, 0, 0, 0)",c
8.57601405373323,0.08277730100295123,0.0033472818486830766,"(1, 1, 0)","(0, 0, 1, 0)",c
8.766962800055985,0.09281589844647575,0.003359856325037339,"(1, 1, 0)","(0, 0, 2, 0)",c
8.520286666531652,0.04626638188081629,0.0033544175765093634,"(1, 1, 0)","(1, 0, 0, 0)",c
8.609508755448273,0.09421820640563965,0.0033684842726763556,"(1, 1, 0)","(1, 0, 1, 0)",c
8.775079205390924,0.19705361478468952,0.0033380648669074564,"(1, 1, 0)","(1, 0, 2, 0)",c
8.732303632754261,0.08021304747637581,0.003451195885153378,"(1, 1, 0)","(2, 0, 0, 0)",c
8.740921954333263,0.22435832023620605,0.0033664983861586627,"(1, 1, 0)","(2, 0, 1, 0)",c
8.781172443512602,0.2471311569213867,0.0033742371727438535,"(1, 1, 0)","(2, 0, 2, 0)",c
8.541759201296298,0.026050228231093462,0.0031439753139720244,"(1, 1, 0)","(0, 0, 0, 0)",t
8.595884878653706,0.15303560425253476,0.0033666610717773436,"(1, 1, 0)","(0, 0, 1, 0)",t
8.78521007802311,0.17023559458115523,0.0033782005310058595,"(1, 1, 0)","(0, 0, 2, 0)",t
8.540411610040596,0.035460682476268095,0.003401944216559915,"(1, 1, 0)","(1, 0, 0, 0)",t
8.628439270126448,0.2229544022504021,0.0033567035899442787,"(1, 1, 0)","(1, 0, 1, 0)",t
8.781394769660476,0.19986494849709904,0.0033394392798928654,"(1, 1, 0)","(1, 0, 2, 0)",t
8.753136368772253,0.11041971935945398,0.003346134634578929,"(1, 1, 0)","(2, 0, 0, 0)",t
8.766834735356182,0.2874610003303079,0.0033641394446877874,"(1, 1, 0)","(2, 0, 1, 0)",t
8.806082424857959,0.3048797972062055,0.003337251438814051,"(1, 1, 0)","(2, 0, 2, 0)",t
8.55069815190401,0.026732966479133157,0.0031289353090174056,"(1, 1, 0)","(0, 0, 0, 0)",ct
8.596039458113863,0.19492742033565746,0.0033255633185891543,"(1, 1, 0)","(0, 0, 1, 0)",ct
8.794059391407128,0.20908179563634535,0.0033479858847225413,"(1, 1, 0)","(0, 0, 2, 0)",ct
8.549440729615167,0.04442451140459846,0.0033271228565889244,"(1, 1, 0)","(1, 0, 0, 0)",ct
8.646467841470109,0.27640774670769186,0.003334222120397231,"(1, 1, 0)","(1, 0, 1, 0)",ct
8.796920171122323,0.2396035306593951,0.0033783604117000802,"(1, 1, 0)","(1, 0, 2, 0)",ct
8.75977232589321,0.1411294740789077,0.0033336358911850873,"(1, 1, 0)","(2, 0, 0, 0)",ct
8.766105122440806,0.33442960346446315,0.0033553011277142695,"(1, 1, 0)","(2, 0, 1, 0)",ct
8.812831871374541,0.3415298237520106,0.00340420498567469,"(1, 1, 0)","(2, 0, 2, 0)",ct
8.56619922471518,0.026250398860258213,0.0021992010228774127,"(1, 1, 1)","(0, 0, 0, 0)",n
8.756228921801442,0.050742149353027344,0.002270631229176241,"(1, 1, 1)","(0, 0, 1, 0)",n
8.758973033206804,0.07276176564833697,0.0022714727065142465,"(1, 1, 1)","(0, 0, 2, 0)",n
8.599572028526087,0.03997946346507353,0.0022735203013700598,"(1, 1, 1)","(1, 0, 0, 0)",n
8.565819466110119,0.05169272703282973,0.0021817403681137983,"(1, 1, 1)","(1, 0, 1, 0)",n
8.766998210800798,0.10825911409714643,0.002278779534732594,"(1, 1, 1)","(1, 0, 2, 0)",n
8.73030328546326,0.06353996781741872,0.0022468763239243453,"(1, 1, 1)","(2, 0, 0, 0)",n
8.801107659129242,0.15754549363080192,0.0022330845103544347,"(1, 1, 1)","(2, 0, 1, 0)",n
8.770331140001499,0.1480072301976821,0.0022887790904325598,"(1, 1, 1)","(2, 0, 2, 0)",n
8.57605650033589,0.06397357267491957,0.003319902981028837,"(1, 1, 1)","(0, 0, 0, 0)",c
8.766905819504242,0.12511846598456888,0.0033895548652200136,"(1, 1, 1)","(0, 0, 1, 0)",c
8.767735554381487,0.15991534064797794,0.00343783602995031,"(1, 1, 1)","(0, 0, 2, 0)",c
8.609536501734357,0.09105094460880055,0.003362288194544175,"(1, 1, 1)","(1, 0, 0, 0)",c
8.574710741845054,0.11918092334971708,0.003363157721126781,"(1, 1, 1)","(1, 0, 1, 0)",c
8.772103802436726,0.24723611999960507,0.0034874635584214156,"(1, 1, 1)","(1, 0, 2, 0)",c
8.740991535407693,0.1617080099442426,0.003390183168299058,"(1, 1, 1)","(2, 0, 0, 0)",c
8.809034889562344,0.34630695791805494,0.0033382219426772173,"(1, 1, 1)","(2, 0, 1, 0)",c
8.780191543202905,0.33442169638241037,0.0034276625689338234,"(1, 1, 1)","(2, 0, 2, 0)",c
8.595123146222702,0.14481420516967775,0.003344266554888557,"(1, 1, 1)","(0, 0, 0, 0)",t
8.788205686020243,0.24194975460276885,0.003361040003159467,"(1, 1, 1)","(0, 0, 1, 0)",t
8.789808486665773,0.29480018054737767,0.003426515354829676,"(1, 1, 1)","(0, 0, 2, 0)",t
8.629439572724705,0.20855892125297995,0.003361808552461512,"(1, 1, 1)","(1, 0, 0, 0)",t
8.596657633631596,0.21542806905858658,0.003376618553610409,"(1, 1, 1)","(1, 0, 1, 0)",t
8.785857657602952,0.2787248919991886,0.003480120266185087,"(1, 1, 1)","(1, 0, 2, 0)",t
8.759270113879483,0.2578981090994442,0.003405489641077378,"(1, 1, 1)","(2, 0, 0, 0)",t
8.807601937947087,0.33113880157470704,0.0033609867095947266,"(1, 1, 1)","(2, 0, 1, 0)",t
8.796377103132187,0.3655940700979794,0.00347439541536219,"(1, 1, 1)","(2, 0, 2, 0)",t
8.597420431276236,0.19620857238769532,0.003260461021872128,"(1, 1, 1)","(0, 0, 0, 0)",ct
8.794085284478141,0.2859641299528234,0.0033352094538071577,"(1, 1, 1)","(0, 0, 1, 0)",ct
8.783672398025198,0.3527303415186265,0.003488624797147863,"(1, 1, 1)","(0, 0, 2, 0)",ct
8.64619572585444,0.2640445456785314,0.0033141613006591798,"(1, 1, 1)","(1, 0, 0, 0)",ct
8.621697402041494,0.2681678014643052,0.0033733732560101677,"(1, 1, 1)","(1, 0, 1, 0)",ct
8.80639671230365,0.35480691404903636,0.003432287889368394,"(1, 1, 1)","(1, 0, 2, 0)",ct
8.77183540519372,0.32023229038014134,0.0033221553353702323,"(1, 1, 1)","(2, 0, 0, 0)",ct
8.812092306473714,0.39892536331625544,0.003418425952686983,"(1, 1, 1)","(2, 0, 1, 0)",ct
8.81537257139363,0.4688736635095933,0.0035048681146958296,"(1, 1, 1)","(2, 0, 2, 0)",ct
8.756303711844959,0.03414440435521743,0.002214827257044175,"(1, 1, 2)","(0, 0, 0, 0)",n
8.763007088858858,0.07591664931353401,0.0023702032425824333,"(1, 1, 2)","(0, 0, 1, 0)",n
8.766400588246887,0.13580796297858744,0.0023282443775850185,"(1, 1, 2)","(0, 0, 2, 0)",n
8.771039765125055,0.08686787380891688,0.0022570357603185318,"(1, 1, 2)","(1, 0, 0, 0)",n
8.762570153622399,0.11214202712563907,0.002273680182064281,"(1, 1, 2)","(1, 0, 1, 0)",n
8.748389987061904,0.08618961222031538,0.0022940972272087546,"(1, 1, 2)","(1, 0, 2, 0)",n
8.770125330307614,0.13151364887461942,0.0022800529704374425,"(1, 1, 2)","(2, 0, 0, 0)",n
8.763871738399585,0.2017203639535343,0.002352739782894359,"(1, 1, 2)","(2, 0, 1, 0)",n
8.790172772579284,0.249021614299101,0.002344358668607824,"(1, 1, 2)","(2, 0, 2, 0)",n
8.76715174453523,0.07804883788613712,0.003346092560712029,"(1, 1, 2)","(0, 0, 0, 0)",c
8.775024983552647,0.1868264030007755,0.0034624800962560318,"(1, 1, 2)","(0, 0, 1, 0)",c
8.776423583959176,0.3266249853021958,0.0035476768718046303,"(1, 1, 2)","(0, 0, 2, 0)",c
8.780651229845912,0.20591817463145537,0.00334780356463264,"(1, 1, 2)","(1, 0, 0, 0)",c
8.77111537259626,0.2344689789940329,0.003446657517377068,"(1, 1, 2)","(1, 0, 1, 0)",c
8.75777100232141,0.19312621004441205,0.0035585459540872014,"(1, 1, 2)","(1, 0, 2, 0)",c
8.781039136802828,0.2825216657975141,0.0033617468441233915,"(1, 1, 2)","(2, 0, 0, 0)",c
8.779386570844466,0.4245511475731345,0.003449521345250747,"(1, 1, 2)","(2, 0, 1, 0)",c
8.796648537395454,0.5411150988410501,0.003627333921544692,"(1, 1, 2)","(2, 0, 2, 0)",c
8.786208020013504,0.1276085376739502,0.0034026678870705995,"(1, 1, 2)","(0, 0, 0, 0)",t
8.780366114840396,0.15900334750904757,0.0034415217006907744,"(1, 1, 2)","(0, 0, 1, 0)",t
8.789064823861853,0.30230741220362045,0.003629157122443704,"(1, 1, 2)","(0, 0, 2, 0)",t
8.780826685585115,0.1563843755161061,0.0033481710097369027,"(1, 1, 2)","(1, 0, 0, 0)",t
8.785193317596551,0.26661013154422536,0.0034613609313964844,"(1, 1, 2)","(1, 0, 1, 0)",t
8.772583696586693,0.27189158832325655,0.003571299945606905,"(1, 1, 2)","(1, 0, 2, 0)",t
8.80160962015228,0.29854013499091653,0.0033637467552633847,"(1, 1, 2)","(2, 0, 0, 0)",t
8.788436157102229,0.29137205236098346,0.0034316006828756895,"(1, 1, 2)","(2, 0, 1, 0)",t
8.792748339880637,0.5008250012117273,0.0036366574904497934,"(1, 1, 2)","(2, 0, 2, 0)",t
8.799693271356256,0.16684741693384508,0.0033031631918514475,"(1, 1, 2)","(0, 0, 0, 0)",ct
8.797734218852241,0.20812613262849697,0.003444654801312615,"(1, 1, 2)","(0, 0, 1, 0)",ct
8.80130936553382,0.32853472653557275,0.0035714570213766657,"(1, 1, 2)","(0, 0, 2, 0)",ct
8.79824115842998,0.21123272110434138,0.003310873929192038,"(1, 1, 2)","(1, 0, 0, 0)",ct
8.800368501213665,0.3059585823732264,0.0034697336309096392,"(1, 1, 2)","(1, 0, 1, 0)",ct
8.787508846995218,0.29865125207340015,0.003545343174653895,"(1, 1, 2)","(1, 0, 2, 0)",ct
8.804377632787665,0.34649258220897,0.003377025267657112,"(1, 1, 2)","(2, 0, 0, 0)",ct
8.811769094297226,0.3518921824062572,0.0034937830532298366,"(1, 1, 2)","(2, 0, 1, 0)",ct
8.812797990887894,0.5586140324087704,0.0035667279187370747,"(1, 1, 2)","(2, 0, 2, 0)",ct
8.537527993662328,0.021336908901438995,0.002141910440781537,"(2, 0, 0)","(0, 0, 0, 0)",n
8.584129311456742,0.09104856883778292,0.002228383456959444,"(2, 0, 0)","(0, 0, 1, 0)",n
8.773069364143208,0.10869721805348116,0.0022922628066119025,"(2, 0, 0)","(0, 0, 2, 0)",n
8.536340560051276,0.07069807333104751,0.002254769381354837,"(2, 0, 0)","(1, 0, 0, 0)",n
8.61766115000243,0.14041549177730786,0.0022397434010225183,"(2, 0, 0)","(1, 0, 1, 0)",n
8.782803162310215,0.1768289566040039,0.0022243527805103974,"(2, 0, 0)","(1, 0, 2, 0)",n
9.922264573914843,0.060653969820807965,0.0025313910316018496,"(2, 0, 0)","(2, 0, 0, 0)",n
8.62519496947602,0.3434464791241814,0.002546094445621266,"(2, 0, 0)","(2, 0, 1, 0)",n
8.61236819436105,0.3311992336721981,0.0024401776930865118,"(2, 0, 0)","(2, 0, 2, 0)",n
8.42273504628535,0.053235990860882924,0.0032115291146671073,"(2, 0, 0)","(0, 0, 0, 0)",c
8.473849992833953,0.24804946114035215,0.0032386527341954846,"(2, 0, 0)","(0, 0, 1, 0)",c
8.665431286138533,0.2892896007089054,0.003310116599587833,"(2, 0, 0)","(0, 0, 2, 0)",c
8.423157484177771,0.18027977662927963,0.0033116480883430034,"(2, 0, 0)","(1, 0, 0, 0)",c
8.588048517013595,0.34734030330882354,0.0033550038057215074,"(2, 0, 0)","(1, 0, 1, 0)",c
8.66528830940853,0.36679769123301786,0.0033625350278966566,"(2, 0, 0)","(1, 0, 2, 0)",c
8.62823300778466,0.3200546993928797,0.003319863712086397,"(2, 0, 0)","(2, 0, 0, 0)",c
8.720981064884526,0.4300248146057129,0.0033231847426470587,"(2, 0, 0)","(2, 0, 1, 0)",c
8.647646097353592,0.4236580035265754,0.0033655531266156367,"(2, 0, 0)","(2, 0, 2, 0)",c
8.505203386370564,0.02544446832993451,0.0031280377331901997,"(2, 0, 0)","(0, 0, 0, 0)",t
8.565270620511292,0.2118780444650089,0.003221901725320255,"(2, 0, 0)","(0, 0, 1, 0)",t
8.754441852630173,0.2838581421796013,0.0032898987040800207,"(2, 0, 0)","(0, 0, 2, 0)",t
8.50416389720213,0.22743960548849668,0.003269781785852769,"(2, 0, 0)","(1, 0, 0, 0)",t
8.605340636373118,0.3459937179789824,0.0033955882577335135,"(2, 0, 0)","(1, 0, 1, 0)",t
8.77344542368193,0.38119082731359144,0.0033751179190242993,"(2, 0, 0)","(1, 0, 2, 0)",t
8.722259095494401,0.33296535155352425,0.0033691883087158202,"(2, 0, 0)","(2, 0, 0, 0)",t
8.754725263372515,0.5428878139047062,0.0033678110908059514,"(2, 0, 0)","(2, 0, 1, 0)",t
8.777337580327888,0.45844569767222687,0.0034043340121998507,"(2, 0, 0)","(2, 0, 2, 0)",t
8.42376797001955,0.04617179421817555,0.0032341536353616153,"(2, 0, 0)","(0, 0, 0, 0)",ct
8.486641580331417,0.26117336890276743,0.0031737860511330995,"(2, 0, 0)","(0, 0, 1, 0)",ct
8.652704767375656,0.30155069407294777,0.0033126550562241498,"(2, 0, 0)","(0, 0, 2, 0)",ct
8.424040018703263,0.27396018925835103,0.003247221778420841,"(2, 0, 0)","(1, 0, 0, 0)",ct
8.53177644088361,0.4054295876446892,0.0033211567822624653,"(2, 0, 0)","(1, 0, 1, 0)",ct
8.626072430613045,0.44032656164730294,0.0033063047072466683,"(2, 0, 0)","(1, 0, 2, 0)",ct
8.625233488845385,0.38880438243641574,0.003273273916805492,"(2, 0, 0)","(2, 0, 0, 0)",ct
8.797885766771369,0.4800344298867618,0.0033758892732508043,"(2, 0, 0)","(2, 0, 1, 0)",ct
8.621678148849675,0.48983341104844036,0.00330958085901597,"(2, 0, 0)","(2, 0, 2, 0)",ct
8.533504727122834,0.15890784824595733,0.0023650365717270794,"(2, 0, 1)","(0, 0, 0, 0)",n
8.573315968819237,0.2569030172684613,0.0024678538827335133,"(2, 0, 1)","(0, 0, 1, 0)",n
8.65302537877242,0.30903109382180605,0.002489448996151195,"(2, 0, 1)","(0, 0, 2, 0)",n
8.465701996925825,0.2268947208628935,0.002411171969245462,"(2, 0, 1)","(1, 0, 0, 0)",n
8.662370610116135,0.32156735027537625,0.0023531408870921416,"(2, 0, 1)","(1, 0, 1, 0)",n
8.669741969165461,0.3580430283265955,0.0024492291843189913,"(2, 0, 1)","(1, 0, 2, 0)",n
8.67056815992824,0.3231761792126824,0.0025389671325683595,"(2, 0, 1)","(2, 0, 0, 0)",n
8.690224525883394,0.29945425145766313,0.0022790572222541362,"(2, 0, 1)","(2, 0, 1, 0)",n
8.636805677333797,0.39850779421189253,0.0024892498465145336,"(2, 0, 1)","(2, 0, 2, 0)",n
8.469177737658669,0.23509716987609863,0.00318297778858858,"(2, 0, 1)","(0, 0, 0, 0)",c
8.678208313923262,0.34791672930997963,0.0033635560204001032,"(2, 0, 1)","(0, 0, 1, 0)",c
8.71793820993628,0.4856358948875876,0.0034044602338005516,"(2, 0, 1)","(0, 0, 2, 0)",c
8.420248184531383,0.38228471699882954,0.0033211595871869256,"(2, 0, 1)","(1, 0, 0, 0)",c
8.592625637935566,0.4533264300402473,0.003349966161391314,"(2, 0, 1)","(1, 0, 1, 0)",c
8.53570526265114,0.5169933010550106,0.0033907357384176814,"(2, 0, 1)","(1, 0, 2, 0)",c
8.686397953630294,0.4217194136451272,0.0033708544338450714,"(2, 0, 1)","(2, 0, 0, 0)",c
9.945368794460496,0.55135498046875,0.00335231949301327,"(2, 0, 1)","(2, 0, 1, 0)",c
8.505885987769854,0.557353614358341,0.003391086353975184,"(2, 0, 1)","(2, 0, 2, 0)",c
8.588009155154745,0.291082690743839,0.0032541555516860062,"(2, 0, 1)","(0, 0, 0, 0)",t
8.564242551579481,0.4417684891644646,0.0033645601833567898,"(2, 0, 1)","(0, 0, 1, 0)",t
8.61564959280841,0.48076099227456487,0.00340580659754136,"(2, 0, 1)","(0, 0, 2, 0)",t
8.525154906327707,0.40052931168500117,0.003372472875258502,"(2, 0, 1)","(1, 0, 0, 0)",t
8.705498192958986,0.5046280664556166,0.003404984754674575,"(2, 0, 1)","(1, 0, 1, 0)",t
8.67087677119748,0.547831703634823,0.0034994209513944737,"(2, 0, 1)","(1, 0, 2, 0)",t
8.769533465725365,0.49350474862491384,0.003447555093204274,"(2, 0, 1)","(2, 0, 0, 0)",t
9.23295667630682,0.7117308336145738,0.003420863432042739,"(2, 0, 1)","(2, 0, 1, 0)",t
8.716120542291746,0.631872667985804,0.0034091556773466225,"(2, 0, 1)","(2, 0, 2, 0)",t
8.476387601845637,0.29541845321655275,0.0032043372883516197,"(2, 0, 1)","(0, 0, 0, 0)",ct
9.019156981090632,0.39357645932365865,0.0033588241128360524,"(2, 0, 1)","(0, 0, 1, 0)",ct
9.47377812978787,0.5164104882408591,0.003351738873650046,"(2, 0, 1)","(0, 0, 2, 0)",ct
8.837474604613934,0.4342851442449233,0.00341648494496065,"(2, 0, 1)","(1, 0, 0, 0)",ct
8.858081088140324,0.4969603931202608,0.0033763969645780674,"(2, 0, 1)","(1, 0, 1, 0)",ct
9.305478059237725,0.5397594339707319,0.0033795917735380287,"(2, 0, 1)","(1, 0, 2, 0)",ct
8.44276021243552,0.47730021476745604,0.003337680592256434,"(2, 0, 1)","(2, 0, 0, 0)",ct
10.849244154549783,0.5751838908475988,0.0034141119788674745,"(2, 0, 1)","(2, 0, 1, 0)",ct
9.082731936638602,0.5813072821673225,0.003476249470430262,"(2, 0, 1)","(2, 0, 2, 0)",ct
8.77641538694815,0.08276301552267636,0.00227814001195571,"(2, 0, 2)","(0, 0, 0, 0)",n
8.780770714290249,0.14952670826631434,0.0022795396692612594,"(2, 0, 2)","(0, 0, 1, 0)",n
8.769609221893221,0.1904376647051643,0.002339783836813534,"(2, 0, 2)","(0, 0, 2, 0)",n
8.771224195853476,0.17543428084429571,0.002272524553186753,"(2, 0, 2)","(1, 0, 0, 0)",n
8.796678403350624,0.23698708590339213,0.0022676243501551013,"(2, 0, 2)","(1, 0, 1, 0)",n
8.800893183971029,0.2633632716010599,0.0023254534777473,"(2, 0, 2)","(1, 0, 2, 0)",n
8.636180821034454,0.3209044428432689,0.002516053704654469,"(2, 0, 2)","(2, 0, 0, 0)",n
8.817202218941283,0.4095073391409481,0.0024602076586555032,"(2, 0, 2)","(2, 0, 1, 0)",n
8.854928562257202,0.29267954545862535,0.0022778847638298483,"(2, 0, 2)","(2, 0, 2, 0)",n
8.656448996254522,0.16922766461091884,0.003354148303761202,"(2, 0, 2)","(0, 0, 0, 0)",c
8.66272330453272,0.3123754080604104,0.0033989766064812157,"(2, 0, 2)","(0, 0, 1, 0)",c
8.652538286633508,0.42722890797783347,0.00349120252272662,"(2, 0, 2)","(0, 0, 2, 0)",c
8.659218174836948,0.3126477746402516,0.0032947652480181527,"(2, 0, 2)","(1, 0, 0, 0)",c
8.672473127035817,0.4374614210689769,0.003363491507137523,"(2, 0, 2)","(1, 0, 1, 0)",c
8.655481093207582,0.5119615190169391,0.003515291213989258,"(2, 0, 2)","(1, 0, 2, 0)",c
8.672140526344261,0.40523129911983713,0.003354793436387006,"(2, 0, 2)","(2, 0, 0, 0)",c
8.65691816639117,0.5577698679531322,0.003452278585994945,"(2, 0, 2)","(2, 0, 1, 0)",c
8.678195116780145,0.5746154252220602,0.0034317465389476103,"(2, 0, 2)","(2, 0, 2, 0)",c
8.75267526269514,0.1922178352580351,0.0032794110915240118,"(2, 0, 2)","(0, 0, 0, 0)",t
8.772656328826503,0.32451810836791994,0.0033932938295252184,"(2, 0, 2)","(0, 0, 1, 0)",t
8.75368681081948,0.4470281544853659,0.003506604362936581,"(2, 0, 2)","(0, 0, 2, 0)",t
8.750693893049771,0.3867472115684958,0.0033099987927605124,"(2, 0, 2)","(1, 0, 0, 0)",t
8.7767029033111,0.42926518215852627,0.003376663432401769,"(2, 0, 2)","(1, 0, 1, 0)",t
8.73730915812811,0.4513110834009507,0.003535607281853171,"(2, 0, 2)","(1, 0, 2, 0)",t
8.679217402640779,0.5099258759442498,0.003390143899356618,"(2, 0, 2)","(2, 0, 0, 0)",t
9.007747216576831,0.6014934932484346,0.00339814073899213,"(2, 0, 2)","(2, 0, 1, 0)",t
8.787479689032404,0.5737296749563778,0.0034093716565300435,"(2, 0, 2)","(2, 0, 2, 0)",t
8.665244165447616,0.21630866106818705,0.003257451337926528,"(2, 0, 2)","(0, 0, 0, 0)",ct
8.668949731993397,0.36670032389023727,0.0033301185159122244,"(2, 0, 2)","(0, 0, 1, 0)",ct
8.6652229354881,0.4947224701152128,0.003407924315508674,"(2, 0, 2)","(0, 0, 2, 0)",ct
8.665165244026536,0.4382184533511891,0.003336053736069623,"(2, 0, 2)","(1, 0, 0, 0)",ct
8.657275196066896,0.4994474607355454,0.0032930991228889016,"(2, 0, 2)","(1, 0, 1, 0)",ct
8.66729867231287,0.5743768888361314,0.0034974995781393613,"(2, 0, 2)","(1, 0, 2, 0)",ct
8.657793553090515,0.48400081185733573,0.0033577806809369256,"(2, 0, 2)","(2, 0, 0, 0)",ct
8.838549090807112,0.5701461287105785,0.003335265552296358,"(2, 0, 2)","(2, 0, 1, 0)",ct
8.635330235001472,0.6336585129008574,0.0035045511582318476,"(2, 0, 2)","(2, 0, 2, 0)",ct
8.712321727647225,0.005701250188490924,0.002150740342981675,"(2, 1, 0)","(0, 0, 0, 0)",n
8.726072857502615,0.029167797986198875,0.0022671643425436583,"(2, 1, 0)","(0, 0, 1, 0)",n
8.769651852110837,0.05230519070344813,0.0022904143613927505,"(2, 1, 0)","(0, 0, 2, 0)",n
8.72152177971337,0.026745137046365178,0.002181712318869198,"(2, 1, 0)","(1, 0, 0, 0)",n
8.730383991225239,0.05785311530618106,0.002212241116692038,"(2, 1, 0)","(1, 0, 1, 0)",n
8.772666452066188,0.13692449681899127,0.002268272287705365,"(2, 1, 0)","(1, 0, 2, 0)",n
8.724816469109662,0.032793920180376836,0.0022469212027157056,"(2, 1, 0)","(2, 0, 0, 0)",n
8.762147337888853,0.1332240946152631,0.0022572910084443934,"(2, 1, 0)","(2, 0, 1, 0)",n
8.773075770661947,0.20733180607066434,0.002300750508027918,"(2, 1, 0)","(2, 0, 2, 0)",n
8.72361235335992,0.011344185997458065,0.0034554229063146254,"(2, 1, 0)","(0, 0, 0, 0)",c
8.737163234690218,0.07463226879344267,0.0033272434683407053,"(2, 1, 0)","(0, 0, 1, 0)",c
8.780138747555268,0.12779249303481158,0.0033922391779282516,"(2, 1, 0)","(0, 0, 2, 0)",c
8.732523215975375,0.060934981177834906,0.0034546319176169,"(2, 1, 0)","(1, 0, 0, 0)",c
8.740962324957335,0.13140311802134794,0.003342437744140625,"(2, 1, 0)","(1, 0, 1, 0)",c
8.780850492294343,0.2844339567072251,0.0033756452448227827,"(2, 1, 0)","(1, 0, 2, 0)",c
8.734490171062184,0.1095927406759823,0.003452455296235926,"(2, 1, 0)","(2, 0, 0, 0)",c
8.77188805599814,0.35127213141497443,0.003446357390459846,"(2, 1, 0)","(2, 0, 1, 0)",c
8.787793219391634,0.4358567462247961,0.0034801735597498277,"(2, 1, 0)","(2, 0, 2, 0)",c
8.743347411920176,0.02543206495397231,0.003209632985732135,"(2, 1, 0)","(0, 0, 0, 0)",t
8.753617606552512,0.14266775075127097,0.0033849239349365234,"(2, 1, 0)","(0, 0, 1, 0)",t
8.799437705071373,0.25789431123172535,0.0033603415769689225,"(2, 1, 0)","(0, 0, 2, 0)",t
8.753092950125078,0.10309551463407629,0.003405573788811179,"(2, 1, 0)","(1, 0, 0, 0)",t
8.759097227198282,0.2137673490187701,0.0033449930303237015,"(2, 1, 0)","(1, 0, 1, 0)",t
8.796939934323511,0.3048495741451488,0.003359637540929458,"(2, 1, 0)","(1, 0, 2, 0)",t
8.755501849868775,0.1021447265849394,0.003447577532599954,"(2, 1, 0)","(2, 0, 0, 0)",t
8.789391235178577,0.33729066848754885,0.003461627399220186,"(2, 1, 0)","(2, 0, 1, 0)",t
8.797225377012339,0.41270886028514187,0.00350339552935432,"(2, 1, 0)","(2, 0, 2, 0)",t
8.752716130003279,0.03252663051380831,0.003207851858700023,"(2, 1, 0)","(0, 0, 0, 0)",ct
8.766564920561493,0.15196795183069567,0.0033368447247673484,"(2, 1, 0)","(0, 0, 1, 0)",ct
8.814051739374882,0.2879971504211426,0.003376203424790326,"(2, 1, 0)","(0, 0, 2, 0)",ct
8.761585959205304,0.11950601128970875,0.0033570121316348804,"(2, 1, 0)","(1, 0, 0, 0)",ct
8.772910899324302,0.28908836701337026,0.003353713540469899,"(2, 1, 0)","(1, 0, 1, 0)",ct
8.804541657452033,0.3589989073136274,0.0033651464125689337,"(2, 1, 0)","(1, 0, 2, 0)",ct
8.765453278251318,0.2160971248851103,0.0034514286938835594,"(2, 1, 0)","(2, 0, 0, 0)",ct
8.770351771425032,0.4017412690555348,0.0034934436573701745,"(2, 1, 0)","(2, 0, 1, 0)",ct
8.807279108909245,0.48050252129049864,0.0035298796261058136,"(2, 1, 0)","(2, 0, 2, 0)",ct
8.72608132750159,0.025500970728257123,0.0021880121792063993,"(2, 1, 1)","(0, 0, 0, 0)",n
8.78226499887729,0.10190017083111931,0.002274173848769244,"(2, 1, 1)","(0, 0, 1, 0)",n
8.779055710477921,0.09472210547503303,0.0023132969351375805,"(2, 1, 1)","(0, 0, 2, 0)",n
8.73117679478314,0.08673335804658777,0.0022783307468189915,"(2, 1, 1)","(1, 0, 0, 0)",n
8.801102249832494,0.1503333989311667,0.002232652551987592,"(2, 1, 1)","(1, 0, 1, 0)",n
8.75434132865608,0.19746907178093406,0.0022947647992302388,"(2, 1, 1)","(1, 0, 2, 0)",n
8.762126069867644,0.12766311589409324,0.0022907341227811928,"(2, 1, 1)","(2, 0, 0, 0)",n
8.73613456614707,0.07418790424571317,0.0022436787100399242,"(2, 1, 1)","(2, 0, 1, 0)",n
8.767438240008914,0.25481424331665037,0.002332017000983743,"(2, 1, 1)","(2, 0, 2, 0)",n
8.737165762051367,0.0640424139359418,0.003603954876170439,"(2, 1, 1)","(0, 0, 0, 0)",c
8.776730023503763,0.2458447400261374,0.003359233631807215,"(2, 1, 1)","(0, 0, 1, 0)",c
8.783376238422022,0.24675404043758617,0.0034727825837976792,"(2, 1, 1)","(0, 0, 2, 0)",c
8.74092464097212,0.19440147456000834,0.003398289399988511,"(2, 1, 1)","(1, 0, 0, 0)",c
8.809790433788972,0.3262790820177864,0.0033890808329862707,"(2, 1, 1)","(1, 0, 1, 0)",c
8.765853290832558,0.4168359588174259,0.003451086493099437,"(2, 1, 1)","(1, 0, 2, 0)",c
8.771917863113002,0.3374359888188979,0.0034473615534165326,"(2, 1, 1)","(2, 0, 0, 0)",c
8.745829580169868,0.1930623363046085,0.0034489267012652227,"(2, 1, 1)","(2, 0, 1, 0)",c
8.778547838656731,0.5074239085702336,0.0034989609437830306,"(2, 1, 1)","(2, 0, 2, 0)",c
8.7552419731699,0.09178340855766745,0.003296955894021427,"(2, 1, 1)","(0, 0, 0, 0)",t
8.750638316579858,0.15530103515176213,0.003375833174761604,"(2, 1, 1)","(0, 0, 1, 0)",t
8.80412816774462,0.31332507974961227,0.0034050997565774357,"(2, 1, 1)","(0, 0, 2, 0)",t
8.776766190666523,0.25620629086213953,0.0033322670880485982,"(2, 1, 1)","(1, 0, 0, 0)",t
8.792272255802704,0.295692881415872,0.0033989513621610753,"(2, 1, 1)","(1, 0, 1, 0)",t
8.796977955359008,0.2925640386693618,0.003464062073651482,"(2, 1, 1)","(1, 0, 2, 0)",t
8.801214223699608,0.37117256837732654,0.0035223035251393036,"(2, 1, 1)","(2, 0, 0, 0)",t
8.765460041828536,0.19779064515057732,0.003491640090942383,"(2, 1, 1)","(2, 0, 1, 0)",t
8.800630607479025,0.4945755650015438,0.003533627005184398,"(2, 1, 1)","(2, 0, 2, 0)",t
8.766042321550017,0.10000583424287683,0.003304616142721737,"(2, 1, 1)","(0, 0, 0, 0)",ct
8.779926547714679,0.1665407994214226,0.00328679645762724,"(2, 1, 1)","(0, 0, 1, 0)",ct
8.81257240075826,0.38671702216653264,0.0034454738392549404,"(2, 1, 1)","(0, 0, 2, 0)",ct
8.774327264996082,0.3060820186839384,0.003327782013837029,"(2, 1, 1)","(1, 0, 0, 0)",ct
8.79897551838396,0.3572860801921171,0.003397428288179285,"(2, 1, 1)","(1, 0, 1, 0)",ct
8.802688021070184,0.4171570441302131,0.003503297356998219,"(2, 1, 1)","(1, 0, 2, 0)",ct
8.78253603741465,0.41645863196429084,0.0034763252033906825,"(2, 1, 1)","(2, 0, 0, 0)",ct
8.789777473228058,0.3061878148247214,0.003459619073306813,"(2, 1, 1)","(2, 0, 1, 0)",ct
8.795712252739124,0.5446520132177016,0.0034549488740808825,"(2, 1, 1)","(2, 0, 2, 0)",ct
8.769750880539211,0.05671910678639131,0.002271270751953125,"(2, 1, 2)","(0, 0, 0, 0)",n
8.77451377171357,0.11073918062097886,0.0022896822761086857,"(2, 1, 2)","(0, 0, 1, 0)",n
8.79234248927535,0.17815761566162108,0.0023242894340963923,"(2, 1, 2)","(0, 0, 2, 0)",n
8.770397597099146,0.11365272017086253,0.002276173759909237,"(2, 1, 2)","(1, 0, 0, 0)",n
8.7706968790258,0.14305028634912828,0.0022855646470013786,"(2, 1, 2)","(1, 0, 1, 0)",n
8.790178194287783,0.2507377400117762,0.002321627560783835,"(2, 1, 2)","(1, 0, 2, 0)",n
8.77388688644081,0.19970019564909094,0.0023591153761919805,"(2, 1, 2)","(2, 0, 0, 0)",n
8.767736611274994,0.25636717852424173,0.002302195044124828,"(2, 1, 2)","(2, 0, 1, 0)",n
8.753727147432498,0.11811669574064367,0.002308825885548311,"(2, 1, 2)","(2, 0, 2, 0)",n
8.780665318608063,0.1259921859292423,0.00336146635167739,"(2, 1, 2)","(0, 0, 0, 0)",c
8.785153653319307,0.24588140319375432,0.0034396704505471622,"(2, 1, 2)","(0, 0, 1, 0)",c
8.830753699468868,0.423681219886331,0.003538168177885168,"(2, 1, 2)","(0, 0, 2, 0)",c
8.780829433352096,0.25667778463924634,0.0034177415511187385,"(2, 1, 2)","(1, 0, 0, 0)",c
8.780293705234822,0.32148097262663,0.0034543654497931984,"(2, 1, 2)","(1, 0, 1, 0)",c
8.80441263302762,0.5447216791265151,0.0036010489744298596,"(2, 1, 2)","(1, 0, 2, 0)",c
8.789168412807747,0.4325057029724121,0.0034561634063720705,"(2, 1, 2)","(2, 0, 0, 0)",c
8.777627768509388,0.5114278905531939,0.0035045876222498276,"(2, 1, 2)","(2, 0, 1, 0)",c
8.77102992892216,0.33456684280844295,0.003594106786391314,"(2, 1, 2)","(2, 0, 2, 0)",c
8.796464915551574,0.22674796441022088,0.0033976246328914867,"(2, 1, 2)","(0, 0, 0, 0)",t
8.7910529421277,0.2340871446272906,0.003484148137709674,"(2, 1, 2)","(0, 0, 1, 0)",t
8.794717139776251,0.4233731606427361,0.0036337515887092144,"(2, 1, 2)","(0, 0, 2, 0)",t
8.809498980758734,0.28454490549424116,0.0033324017244226794,"(2, 1, 2)","(1, 0, 0, 0)",t
8.793952962175291,0.34517330281874714,0.0034526432261747474,"(2, 1, 2)","(1, 0, 1, 0)",t
8.795336689737303,0.4869519878836239,0.0034948348999023437,"(2, 1, 2)","(1, 0, 2, 0)",t
8.790187354779043,0.39692773257984837,0.003456000720753389,"(2, 1, 2)","(2, 0, 0, 0)",t
8.808044891159593,0.4806997439440559,0.00348201920004452,"(2, 1, 2)","(2, 0, 1, 0)",t
8.782880676226235,0.4814486671896542,0.0035167441648595475,"(2, 1, 2)","(2, 0, 2, 0)",t
8.803033812521779,0.25550564036649814,0.0033158386454862705,"(2, 1, 2)","(0, 0, 0, 0)",ct
8.809564890209243,0.26811078856973086,0.0034267313340130973,"(2, 1, 2)","(0, 0, 1, 0)",ct
8.813452462828586,0.44241759917315315,0.003527074701645795,"(2, 1, 2)","(0, 0, 2, 0)",ct
8.812724987766412,0.334477217057172,0.0033130309161017923,"(2, 1, 2)","(1, 0, 0, 0)",ct
8.807122233422865,0.4175333724302404,0.003442831600413603,"(2, 1, 2)","(1, 0, 1, 0)",ct
8.808946806018009,0.5520343612222111,0.003599991517908433,"(2, 1, 2)","(1, 0, 2, 0)",ct
8.81792157792042,0.44369672887465533,0.0034734585705925437,"(2, 1, 2)","(2, 0, 0, 0)",ct
8.79421427725018,0.5417728283826042,0.0034837778876809513,"(2, 1, 2)","(2, 0, 1, 0)",ct
8.808680261789297,0.5299839019775391,0.0035649327670826633,"(2, 1, 2)","(2, 0, 2, 0)",ct
